-61572891,715388286
-61572890,715388287
-61572888,715388289
-61572886,715388288
-61572885,715388287
-61572884,715388285
-61572883,715388283
-61572881,715388280
-61572874,715388289
-61572890,715388295
-61572904,715388275
-61572935,715388272
-61572935,715388267
-61572936,715388267
-61572938,715388266
-61572944,715388261
-61572940,715388262
-61572938,715388261
-61572940,715388259
-61572943,715388257
-61572946,715388254
-61572950,715388256
-61572956,715388253
-61572952,715388247
-61572945,715388242
-61572936,715388235
-61572937,715388229
-61572942,715388227
-61572946,715388230
-61572945,715388231
-61572943,715388226
-61572943,715388219
-61572945,715388217
-61572944,715388211
-61572942,715388210
-61572942,715388208
-61572943,715388208
-61572951,715388208
-61572962,715388207
-61572969,715388205
-61572975,715388203
-61572974,715388200
-61572969,715388196
-61572964,715388187
-61572961,715388180
-61572961,715388175
-61572966,715388179
-61572974,715388187
-61572982,715388197
-61572987,715388202
-61572986,715388206
-61572982,715388209
-61572980,715388207
-61572978,715388202
-61572975,715388194
-61572973,715388185
-61572972,715388179
-61572973,715388175
-61572975,715388175
-61572979,715388180
-61572985,715388187
-61572991,715388195
-61572996,715388198
-61573003,715388194
-61573008,715388189
-61573013,715388182
-61573019,715388174
-61573024,715388168
-61573026,715388162
-61573025,715388158
-61573025,715388155
-61573023,715388154
-61573022,715388154
-61573023,715388155
-61573040,715388161
-61573033,715388162
-61573029,715388154
-61573041,715388167
-61573042,715388169
-61573043,715388171
-61573043,715388172
-61573044,715388173
-61573043,715388174
-61573042,715388173
-61573041,715388170
-61573037,715388164
-61573036,715388159
-61573038,715388156
-61573044,715388158
-61573051,715388164
-61573056,715388172
-61573054,715388180
-61573049,715388183
-61573046,715388184
-61573047,715388182
-61573050,715388181
-61573058,715388185
-61573064,715388195
-61573066,715388195
-61573066,715388195
-61573066,715388194
-61573067,715388195
-61573069,715388199
-61573073,715388204
-61573077,715388211
-61573080,715388217
-61573080,715388222
-61573081,715388222
-61573081,715388221
-61573080,715388219
-61573079,715388215
-61573080,715388212
-61573081,715388204
-61573083,715388212
-61573070,715388212
-61573070,715388221
-61573071,715388223
-61573072,715388225
-61573073,715388227
-61573074,715388230
-61573072,715388234
-61573073,715388224
-61573074,715388213
-61573068,715388209
-61573061,715388209
-61573059,715388212
-61573054,715388217
-61573054,715388223
-61573054,715388230
-61573053,715388239
-61573051,715388244
-61573049,715388250
-61573048,715388254
-61573045,715388256
-61573036,715388259
-61573028,715388259
-61573017,715388260
-61573005,715388262
-61572996,715388264
-61572989,715388267
-61572988,715388270
-61572985,715388274
-61572984,715388275
-61572984,715388272
-61572980,715388268
-61572972,715388265
-61572962,715388262
-61572954,715388262
-61572947,715388259
-61572942,715388261
-61572936,715388263
-61572933,715388270
-61572930,715388276
-61572928,715388280
-61572920,715388283
-61572911,715388282
-61572907,715388282
-61572903,715388283
-61572900,715388283
-61572899,715388283
-61572898,715388284
-61572900,715388286
-61572900,715388289
-61572901,715388294
-61572898,715388294
-61572893,715388293
-61572888,715388294
-61572882,715388296
-61572873,715388295
-61572862,715388293
-61572852,715388293
-61572841,715388293
-61572833,715388296
-61572827,715388300
-61572822,715388307
-61572821,715388316
-61572821,715388322
-61572819,715388325
-61572817,715388325
-61572813,715388325
-61572808,715388322
-61572802,715388320
-61572797,715388318
-61572792,715388315
-61572787,715388315
-61572783,715388317
-61572779,715388321
-61572777,715388327
-61572772,715388337
-61572767,715388345
-61572762,715388351
-61572754,715388354
-61572745,715388356
-61572736,715388355
-61572729,715388352
-61572724,715388349
-61572721,715388349
-61572718,715388350
-61572714,715388354
-61572715,715388360
-61572716,715388368
-61572713,715388377
-61572708,715388386
-61572704,715388391
-61572700,715388393
-61572695,715388393
-61572691,715388390
-61572686,715388387
-61572680,715388386
-61572678,715388387
-61572676,715388388
-61572676,715388389
-61572677,715388395
-61572677,715388401
-61572679,715388407
-61572683,715388411
-61572686,715388415
-61572690,715388415
-61572695,715388410
-61572702,715388404
-61572706,715388396
-61572709,715388389
-61572708,715388384
-61572706,715388382
-61572706,715388381
-61572708,715388383
-61572708,715388384
-61572712,715388385
-61572716,715388386
-61572718,715388383
-61572713,715388378
-61572708,715388376
-61572704,715388372
-61572704,715388373
-61572705,715388375
-61572706,715388378
-61572705,715388381
-61572709,715388389
-61572714,715388394
-61572716,715388401
-61572719,715388405
-61572722,715388408
-61572726,715388410
-61572729,715388414
-61572729,715388420
-61572729,715388425
-61572726,715388432
-61572728,715388438
-61572735,715388441
-61572744,715388443
-61572754,715388443
-61572764,715388448
-61572778,715388451
-61572789,715388457
-61572797,715388461
-61572803,715388469
-61572807,715388476
-61572809,715388482
-61572810,715388485
-61572810,715388487
-61572811,715388488
-61572809,715388487
-61572808,715388487
-61572806,715388487
-61572804,715388483
-61572802,715388485
-61572802,715388488
-61572801,715388495
-61572803,715388505
-61572803,715388515
-61572805,715388520
-61572807,715388520
-61572805,715388515
-61572803,715388508
-61572800,715388501
-61572801,715388496
-61572804,715388495
-61572809,715388493
-61572814,715388492
-61572816,715388492
-61572816,715388493
-61572814,715388495
-61572812,715388497
-61572811,715388498
-61572813,715388499
-61572816,715388498
-61572817,715388496
-61572818,715388495
-61572820,715388496
-61572822,715388499
-61572824,715388504
-61572823,715388508
-61572819,715388510
-61572814,715388510
-61572808,715388503
-61572802,715388496
-61572798,715388490
-61572797,715388485
-61572798,715388482
-61572801,715388483
-61572806,715388482
-61572811,715388484
-61572814,715388487
-61572815,715388491
-61572815,715388492
-61572814,715388495
-61572814,715388497
-61572813,715388500
-61572813,715388501
-61572815,715388499
-61572815,715388495
-61572814,715388490
-61572813,715388486
-61572811,715388478
-61572810,715388473
-61572808,715388468
-61572806,715388467
-61572806,715388467
-61572807,715388467
-61572807,715388470
-61572807,715388473
-61572810,715388478
-61572814,715388483
-61572820,715388490
-61572826,715388497
-61572827,715388499
-61572823,715388497
-61572816,715388493
-61572809,715388489
-61572802,715388482
-61572795,715388477
-61572793,715388477
-61572791,715388476
-61572791,715388479
-61572791,715388484
-61572790,715388487
-61572787,715388487
-61572784,715388486
-61572779,715388484
-61572776,715388483
-61572777,715388484
-61572781,715388485
-61572785,715388489
-61572788,715388495
-61572789,715388500
-61572789,715388503
-61572787,715388507
-61572784,715388509
-61572782,715388507
-61572781,715388505
-61572779,715388501
-61572776,715388496
-61572772,715388489
-61572765,715388483
-61572758,715388480
-61572752,715388476
-61572749,715388477
-61572751,715388479
-61572754,715388482
-61572757,715388484
-61572760,715388487
-61572762,715388489
-61572760,715388492
-61572757,715388493
-61572754,715388493
-61572749,715388492
-61572750,715388492
-61572756,715388493
-61572760,715388493
-61572766,715388494
-61572768,715388493
-61572768,715388487
-61572766,715388484
-61572762,715388482
-61572757,715388481
-61572752,715388479
-61572745,715388478
-61572738,715388477
-61572733,715388478
-61572732,715388482
-61572731,715388486
-61572732,715388489
-61572734,715388493
-61572735,715388498
-61572737,715388501
-61572739,715388505
-61572739,715388509
-61572735,715388512
-61572734,715388516
-61572729,715388519
-61572724,715388520
-61572718,715388518
-61572713,715388513
-61572712,715388505
-61572711,715388494
-61572711,715388484
-61572727,715388495
-61572738,715388489
-61572738,715388450
-61572743,715388397
-61572770,715388341
-61572808,715388286
-61572861,715388235
-61572905,715388188
-61572943,715388121
-61572967,715388059
-61572988,715387993
-61572996,715387949
-61572995,715387925
-61572970,715387909
-61572968,715387894
-61572972,715387890
-61572975,715387880
-61572980,715387876
-61572983,715387874
-61572983,715387872
-61572980,715387866
-61572977,715387859
-61572975,715387850
-61572974,715387841
-61572972,715387833
-61572971,715387828
-61572970,715387823
-61572969,715387820
-61572968,715387815
-61572968,715387810
-61572970,715387803
-61572971,715387796
-61572974,715387790
-61572977,715387785
-61572979,715387783
-61572980,715387783
-61572979,715387781
-61572977,715387780
-61572974,715387776
-61572971,715387772
-61572969,715387766
-61572969,715387761
-61572968,715387756
-61572968,715387752
-61572967,715387748
-61572966,715387744
-61572963,715387737
-61572959,715387729
-61572956,715387720
-61572954,715387712
-61572954,715387707
-61572956,715387704
-61572961,715387702
-61572966,715387701
-61572970,715387702
-61572972,715387704
-61572970,715387704
-61572966,715387701
-61572961,715387697
-61572955,715387692
-61572949,715387685
-61572946,715387679
-61572943,715387675
-61572941,715387673
-61572939,715387672
-61572937,715387672
-61572935,715387670
-61572933,715387665
-61572932,715387659
-61572932,715387654
-61572933,715387651
-61572934,715387651
-61572935,715387654
-61572937,715387655
-61572937,715387659
-61572937,715387662
-61572936,715387662
-61572933,715387659
-61572930,715387652
-61572927,715387645
-61572922,715387636
-61572917,715387630
-61572916,715387626
-61572915,715387626
-61572914,715387626
-61572912,715387629
-61572909,715387630
-61572908,715387633
-61572909,715387635
-61572909,715387634
-61572910,715387631
-61572911,715387628
-61572912,715387625
-61572910,715387622
-61572907,715387620
-61572904,715387618
-61572899,715387618
-61572893,715387617
-61572888,715387616
-61572884,715387614
-61572882,715387611
-61572880,715387609
-61572878,715387607
-61572877,715387605
-61572877,715387603
-61572876,715387601
-61572874,715387598
-61572872,715387595
-61572872,715387593
-61572871,715387593
-61572870,715387593
-61572869,715387593
-61572867,715387593
-61572865,715387591
-61572863,715387586
-61572861,715387581
-61572859,715387574
-61572858,715387568
-61572856,715387564
-61572854,715387562
-61572852,715387564
-61572852,715387567
-61572851,715387572
-61572851,715387577
-61572851,715387582
-61572852,715387587
-61572851,715387590
-61572851,715387592
-61572849,715387588
-61572846,715387581
-61572843,715387574
-61572841,715387566
-61572839,715387559
-61572839,715387553
-61572840,715387549
-61572841,715387548
-61572843,715387550
-61572844,715387552
-61572845,715387552
-61572846,715387552
-61572848,715387552
-61572852,715387551
-61572856,715387551
-61572857,715387549
-61572855,715387547
-61572855,715387546
-61572855,715387546
-61572853,715387549
-61572853,715387555
-61572847,715387559
-61572842,715387561
-61572836,715387561
-61572832,715387558
-61572833,715387555
-61572836,715387551
-61572840,715387548
-61572842,715387543
-61572836,715387539
-61572829,715387530
-61572842,715387519
-61572838,715387518
-61572830,715387503
-61572826,715387493
-61572842,715387476
-61572866,715387472
-61572887,715387456
-61572907,715387452
-61572912,715387447
-61572916,715387443
-61572923,715387444
-61572924,715387444
-61572922,715387444
-61572919,715387443
-61572911,715387443
-61572909,715387443
-61572907,715387443
-61572907,715387442
-61572910,715387441
-61572912,715387438
-61572910,715387432
-61572895,715387409
-61572876,715387373
-61572866,715387332
-61572862,715387336
-61572858,715387323
-61572857,715387315
-61572861,715387317
-61572865,715387317
-61572872,715387323
-61572870,715387318
-61572860,715387295
-61572849,715387288
-61572848,715387283
-61572846,715387284
-61572839,715387265
-61572834,715387248
-61572831,715387236
-61572826,715387232
-61572823,715387237
-61572819,715387240
-61572817,715387246
-61572815,715387253
-61572814,715387259
-61572814,715387263
-61572808,715387267
-61572802,715387269
-61572798,715387271
-61572797,715387272
-61572796,715387272
-61572801,715387274
-61572805,715387278
-61572810,715387276
-61572815,715387278
-61572821,715387281
-61572825,715387283
-61572827,715387286
-61572828,715387290
-61572830,715387291
-61572827,715387289
-61572824,715387287
-61572821,715387287
-61572818,715387285
-61572816,715387284
-61572816,715387283
-61572815,715387282
-61572815,715387280
-61572812,715387279
-61572812,715387282
-61572813,715387285
-61572813,715387289
-61572811,715387292
-61572809,715387295
-61572810,715387297
-61572812,715387297
-61572812,715387295
-61572811,715387291
-61572808,715387289
-61572803,715387287
-61572798,715387287
-61572795,715387287
-61572794,715387290
-61572797,715387296
-61572801,715387301
-61572807,715387301
-61572814,715387299
-61572813,715387307
-61572806,715387306
-61572799,715387305
-61572792,715387304
-61572789,715387304
-61572788,715387305
-61572792,715387310
-61572796,715387316
-61572801,715387320
-61572801,715387321
-61572798,715387318
-61572794,715387315
-61572791,715387317
-61572786,715387316
-61572783,715387317
-61572784,715387322
-61572783,715387334
-61572785,715387336
-61572791,715387338
-61572795,715387343
-61572799,715387349
-61572800,715387355
-61572804,715387361
-61572807,715387365
-61572809,715387365
-61572806,715387361
-61572805,715387360
-61572804,715387359
-61572805,715387360
-61572809,715387365
-61572813,715387369
-61572818,715387371
-61572822,715387371
-61572823,715387367
-61572821,715387364
-61572816,715387360
-61572813,715387358
-61572808,715387361
-61572805,715387363
-61572806,715387366
-61572808,715387369
-61572833,715387384
-61572842,715387389
-61572851,715387386
-61572853,715387386
-61572854,715387386
-61572854,715387386
-61572856,715387387
-61572855,715387389
-61572855,715387392
-61572852,715387396
-61572849,715387399
-61572847,715387403
-61572846,715387406
-61572845,715387407
-61572847,715387403
-61572849,715387402
-61572850,715387401
-61572850,715387403
-61572848,715387406
-61572847,715387411
-61572843,715387411
-61572843,715387412
-61572844,715387410
-61572845,715387407
-61572848,715387404
-61572851,715387398
-61572852,715387395
-61572851,715387395
-61572849,715387396
-61572844,715387405
-61572835,715387411
-61572818,715387403
-61572803,715387371
-61572797,715387324
-61572767,715387157
-61572629,715386995
-61572544,715386794
-61572594,715386571
-61572870,715386454
-61573386,715386622
-61574087,715387318
-61574576,715388183
-61574858,715389081
-61574930,715389852
-61574886,715390454
-61574787,715390998
-61574666,715391540
-61574548,715392121
-61574432,715392768
-61574295,715393468
-61574126,715394254
-61573890,715395109
-61573538,715396004
-61573043,715396886
-61572406,715397684
-61571668,715398362
-61570886,715398892
-61570070,715399324
-61569170,715399704
-61568241,715400005
-61567218,715400225
-61566133,715400321
-61565133,715400271
-61564132,715400071
-61563289,715399778
-61562504,715399387
-61561814,715398931
-61560702,715397839
-61560278,715397208
-61559958,715396546
-61559690,715395891
-61559389,715395181
-61559085,715394527
-61558744,715393812
-61558393,715393079
-61558044,715392329
-61557691,715391579
-61557335,715390833
-61556977,715390092
-61556620,715389347
-61556246,715388566
-61555897,715387833
-61555545,715387069
-61555197,715386299
-61554848,715385548
-61554501,715384803
-61554161,715384054
-61553828,715383305
-61553490,715382554
-61553120,715381761
-61552792,715381060
-61552442,715380310
-61552116,715379606
-61551749,715378822
-61551429,715378136
-61551083,715377395
-61550738,715376654
-61550402,715375939
-61550087,715375256
-61549760,715374559
-61549430,715373878
-61549097,715373205
-61548763,715372537
-61548441,715371874
-61548116,715371202
-61547796,715370529
-61547479,715369853
-61547156,715369153
-61546857,715368500
-61546555,715367828
-61546252,715367159
-61545952,715366498
-61545642,715365823
-61545358,715365201
-61545064,715364559
-61544764,715363925
-61544468,715363288
-61544165,715362623
-61543862,715361953
-61543557,715361296
-61543239,715360623
-61542940,715359993
-61542620,715359315
-61542297,715358626
-61541976,715357919
-61541640,715357164
-61541342,715356504
-61541015,715355800
-61540674,715355079
-61540361,715354405
-61540042,715353711
-61539732,715353023
-61539415,715352334
-61539092,715351654
-61538756,715350946
-61538462,715350334
-61538155,715349679
-61537851,715349024
-61537553,715348376
-61537247,715347738
-61536960,715347149
-61536679,715346546
-61536423,715345996
-61536166,715345427
-61535913,715344868
-61535677,715344352
-61535429,715343814
-61535170,715343253
-61534933,715342725
-61534683,715342181
-61534431,715341635
-61534181,715341094
-61533937,715340563
-61533692,715340031
-61533440,715339492
-61533199,715338984
-61532973,715338507
-61532744,715338016
-61532516,715337505
-61532297,715336991
-61532084,715336478
-61531859,715335940
-61531636,715335426
-61531397,715334899
-61531144,715334370
-61530903,715333884
-61530664,715333396
-61530427,715332901
-61530182,715332389
-61529937,715331862
-61529697,715331335
-61529462,715330822
-61529227,715330330
-61529004,715329856
-61528789,715329393
-61528572,715328942
-61528370,715328506
-61528169,715328064
-61528000,715327672
-61527787,715327189
-61527639,715326857
-61527460,715326459
-61527283,715326070
-61527109,715325695
-61526932,715325313
-61526771,715324957
-61526604,715324586
-61526446,715324217
-61526287,715323848
-61526129,715323488
-61525972,715323140
-61525816,715322805
-61525650,715322465
-61525503,715322155
-61525347,715321840
-61525198,715321538
-61525062,715321246
-61524935,715320961
-61524811,715320674
-61524677,715320367
-61524548,715320060
-61524423,715319752
-61524142,715319099
-61523987,715318766
-61523841,715318440
-61523688,715318116
-61523521,715317767
-61523361,715317432
-61523207,715317102
-61523058,715316786
-61522926,715316480
-61522803,715316168
-61522693,715315869
-61522569,715315551
-61522447,715315248
-61522317,715314915
-61522207,715314622
-61522095,715314332
-61521970,715314035
-61521837,715313743
-61521707,715313457
-61521574,715313165
-61521453,715312890
-61521329,715312606
-61521209,715312345
-61521076,715312056
-61520968,715311827
-61520852,715311572
-61520744,715311317
-61520643,715311063
-61520544,715310809
-61520443,715310548
-61520339,715310285
-61520229,715310018
-61520117,715309752
-61520003,715309489
-61519880,715309212
-61519768,715308955
-61519642,715308666
-61519537,715308420
-61519427,715308158
-61519317,715307891
-61519206,715307623
-61519094,715307349
-61518978,715307071
-61518856,715306789
-61518721,715306487
-61518592,715306201
-61518453,715305899
-61518324,715305617
-61518195,715305338
-61518064,715305059
-61517940,715304777
-61517815,715304478
-61517695,715304189
-61517564,715303882
-61517425,715303565
-61517280,715303237
-61517125,715302903
-61516953,715302531
-61516811,715302220
-61516668,715301902
-61516518,715301578
-61516368,715301254
-61516203,715300903
-61516070,715300615
-61515921,715300280
-61515768,715299941
-61515613,715299596
-61515464,715299248
-61515297,715298863
-61515140,715298513
-61514971,715298150
-61514792,715297770
-61514613,715297387
-61514438,715297003
-61514268,715296611
-61514097,715296215
-61513903,715295789
-61513725,715295414
-61513538,715295008
-61513351,715294595
-61513150,715294160
-61512938,715293708
-61512725,715293268
-61512499,715292799
-61512278,715292323
-61512055,715291845
-61511822,715291368
-61511584,715290894
-61511351,715290413
-61511125,715289927
-61510896,715289429
-61510666,715288919
-61510438,715288410
-61510207,715287888
-61509962,715287356
-61509696,715286822
-61509424,715286280
-61509169,715285744
-61508926,715285197
-61508672,715284641
-61508402,715284061
-61508162,715283519
-61507915,715282956
-61507669,715282397
-61507437,715281871
-61507183,715281330
-61506944,715280822
-61506697,715280264
-61506471,715279744
-61506212,715279150
-61505973,715278634
-61505711,715278067
-61505446,715277490
-61505169,715276905
-61504891,715276319
-61504598,715275704
-61504297,715275060
-61504015,715274440
-61503707,715273807
-61503349,715273162
-61503009,715272519
-61502683,715271852
-61502353,715271156
-61502026,715270452
-61501694,715269713
-61501356,715268992
-61501030,715268279
-61500717,715267564
-61500396,715266855
-61500086,715266181
-61499769,715265518
-61499428,715264845
-61499106,715264220
-61498805,715263571
-61498530,715262952
-61498252,715262331
-61497969,715261727
-61497643,715261066
-61497350,715260464
-61497056,715259864
-61496761,715259245
-61496466,715258628
-61496181,715258019
-61495915,715257461
-61495639,715256900
-61495366,715256337
-61495097,715255774
-61494825,715255217
-61494557,715254664
-61494296,715254113
-61494048,715253563
-61493794,715253016
-61493534,715252484
-61493273,715251939
-61493036,715251429
-61492794,715250904
-61492559,715250390
-61492303,715249842
-61492087,715249371
-61491853,715248864
-61491625,715248359
-61491389,715247836
-61491153,715247320
-61490898,715246788
-61490637,715246256
-61490389,715245728
-61490153,715245191
-61489930,715244665
-61489706,715244140
-61489469,715243602
-61489217,715243049
-61488953,715242487
-61488687,715241933
-61488423,715241380
-61488178,715240872
-61487923,715240358
-61487437,715239397
-61487190,715238891
-61486966,715238423
-61486759,715237983
-61486553,715237551
-61486340,715237103
-61486127,715236657
-61485918,715236212
-61485718,715235772
-61485527,715235340
-61485336,715234915
-61485141,715234503
-61484950,715234102
-61484762,715233707
-61484571,715233315
-61484378,715232929
-61484178,715232526
-61484008,715232163
-61483827,715231763
-61483653,715231371
-61483470,715230972
-61483290,715230572
-61483115,715230180
-61482936,715229788
-61482749,715229398
-61482552,715228982
-61482393,715228617
-61482229,715228219
-61482054,715227801
-61481891,715227439
-61481717,715227061
-61481542,715226693
-61481361,715226335
-61481192,715226007
-61481020,715225664
-61480862,715225324
-61480721,715224983
-61480584,715224628
-61480452,715224288
-61480305,715223919
-61480154,715223549
-61479998,715223188
-61479826,715222835
-61479649,715222496
-61479477,715222169
-61479322,715221856
-61479188,715221540
-61479060,715221209
-61478926,715220850
-61478780,715220478
-61478617,715220103
-61478441,715219734
-61478257,715219369
-61478071,715219014
-61477882,715218657
-61477703,715218308
-61477542,715217958
-61477398,715217601
-61477255,715217223
-61477096,715216812
-61476933,715216417
-61476749,715216006
-61476552,715215608
-61476355,715215229
-61476170,715214865
-61476002,715214513
-61475846,715214157
-61475691,715213787
-61475528,715213398
-61475368,715213029
-61475183,715212623
-61474833,715211885
-61474647,715211499
-61474464,715211112
-61474275,715210695
-61474112,715210332
-61473929,715209937
-61473741,715209537
-61473542,715209114
-61473359,715208717
-61473169,715208300
-61472980,715207880
-61472787,715207454
-61472569,715206984
-61472373,715206570
-61472154,715206104
-61471931,715205630
-61471695,715205127
-61471458,715204621
-61471232,715204139
-61470999,715203630
-61470763,715203116
-61470517,715202580
-61470284,715202075
-61470048,715201566
-61469808,715201062
-61469567,715200562
-61469327,715200057
-61469110,715199581
-61468886,715199079
-61468667,715198603
-61468425,715198106
-61468194,715197644
-61467955,715197167
-61467722,715196690
-61467500,715196215
-61467273,715195715
-61467038,715195195
-61466795,715194673
-61466553,715194160
-61466280,715193572
-61466024,715193006
-61465757,715192445
-61465471,715191864
-61465189,715191281
-61464916,715190701
-61464620,715190075
-61464355,715189527
-61464069,715188939
-61463787,715188372
-61463503,715187806
-61463231,715187276
-61462945,715186724
-61462677,715186178
-61462410,715185601
-61462162,715185061
-61461899,715184486
-61461627,715183900
-61461337,715183304
-61461039,715182709
-61460731,715182097
-61460451,715181528
-61460164,715180933
-61459864,715180325
-61459586,715179763
-61459291,715179150
-61459043,715178626
-61458770,715178067
-61458491,715177497
-61458209,715176916
-61457929,715176336
-61457651,715175753
-61457376,715175170
-61457089,715174580
-61456797,715174004
-61456508,715173426
-61456222,715172845
-61455923,715172246
-61455644,715171680
-61455348,715171072
-61455079,715170501
-61454801,715169920
-61454518,715169342
-61454188,715168671
-61453964,715168205
-61453706,715167648
-61453452,715167095
-61453179,715166513
-61452931,715166007
-61452655,715165459
-61452396,715164949
-61452125,715164421
-61451838,715163874
-61451584,715163374
-61451338,715162856
-61451105,715162342
-61450868,715161838
-61450630,715161337
-61450402,715160838
-61450176,715160338
-61449940,715159819
-61449711,715159333
-61449457,715158830
-61449187,715158299
-61448928,715157769
-61448675,715157225
-61448417,715156660
-61448153,715156114
-61447876,715155556
-61447608,715155001
-61447338,715154450
-61447078,715153915
-61446831,715153400
-61446582,715152896
-61446331,715152395
-61446075,715151890
-61445814,715151368
-61445549,715150845
-61445291,715150327
-61445039,715149820
-61444799,715149328
-61444578,715148848
-61444361,715148361
-61444155,715147878
-61443939,715147379
-61443738,715146944
-61443515,715146475
-61443307,715146042
-61443093,715145585
-61442888,715145135
-61442673,715144646
-61442493,715144217
-61442290,715143753
-61442067,715143276
-61441831,715142792
-61441586,715142306
-61441334,715141824
-61441079,715141331
-61440855,715140889
-61440628,715140440
-61440403,715139987
-61440189,715139544
-61439968,715139092
-61439739,715138632
-61439522,715138202
-61439295,715137762
-61439069,715137316
-61438843,715136863
-61438636,715136443
-61438424,715136014
-61438220,715135594
-61437832,715134768
-61437651,715134351
-61437466,715133922
-61437272,715133484
-61437069,715133042
-61436861,715132602
-61436657,715132169
-61436447,715131736
-61436246,715131325
-61436049,715130920
-61435854,715130521
-61435656,715130126
-61435455,715129727
-61435258,715129328
-61435079,715128957
-61434896,715128573
-61434713,715128190
-61434529,715127807
-61434346,715127427
-61434169,715127051
-61433988,715126674
-61433803,715126299
-61433619,715125927
-61433437,715125556
-61433252,715125190
-61433072,715124832
-61432900,715124476
-61432723,715124101
-61432569,715123782
-61432402,715123437
-61432240,715123093
-61432082,715122744
-61431924,715122392
-61431756,715122035
-61431581,715121666
-61431419,715121323
-61431248,715120968
-61431079,715120617
-61430906,715120256
-61430738,715119896
-61430572,715119522
-61430406,715119148
-61430234,715118777
-61430056,715118400
-61429881,715118029
-61429713,715117672
-61429544,715117318
-61429376,715116966
-61429211,715116613
-61429047,715116256
-61428876,715115888
-61428702,715115511
-61428536,715115156
-61428356,715114760
-61428204,715114443
-61428031,715114091
-61427874,715113776
-61427716,715113457
-61427557,715113142
-61427402,715112826
-61427251,715112506
-61427100,715112181
-61426947,715111850
-61426790,715111509
-61426616,715111138
-61426442,715110777
-61426292,715110474
-61426122,715110130
-61425945,715109778
-61425784,715109464
-61425611,715109126
-61425443,715108799
-61425262,715108437
-61425083,715108063
-61424908,715107671
-61424729,715107256
-61424543,715106835
-61424335,715106377
-61424147,715105976
-61423942,715105551
-61423737,715105130
-61423536,715104715
-61423337,715104306
-61423133,715103880
-61422931,715103458
-61422734,715103039
-61422525,715102596
-61422317,715102164
-61422109,715101730
-61421897,715101286
-61421701,715100868
-61421492,715100424
-61421280,715099977
-61421059,715099523
-61420835,715099066
-61420391,715098167
-61420156,715097704
-61419938,715097272
-61419715,715096819
-61419488,715096359
-61419257,715095892
-61419011,715095403
-61418783,715094948
-61418549,715094476
-61418314,715094010
-61418080,715093544
-61417854,715093082
-61417630,715092616
-61417410,715092149
-61417189,715091675
-61416708,715090687
-61416436,715090141
-61416197,715089667
-61415955,715089168
-61415715,715088671
-61415465,715088181
-61415203,715087674
-61414963,715087198
-61414720,715086708
-61414482,715086223
-61414235,715085734
-61413973,715085236
-61413719,715084736
-61413474,715084229
-61413231,715083717
-61412980,715083195
-61412710,715082651
-61412455,715082142
-61412191,715081620
-61411920,715081092
-61411655,715080573
-61411392,715080067
-61411133,715079561
-61410877,715079057
-61410623,715078546
-61410372,715078031
-61410122,715077509
-61409023,715075348
-61408721,715074753
-61408487,715074283
-61408224,715073744
-61407964,715073210
-61407692,715072645
-61407437,715072118
-61407168,715071558
-61406892,715070998
-61406596,715070418
-61406319,715069876
-61406042,715069321
-61405776,715068771
-61404984,715067148
-61404713,715066609
-61404444,715066076
-61404180,715065549
-61403918,715065014
-61403653,715064478
-61403390,715063954
-61403141,715063464
-61402883,715062959
-61402629,715062465
-61402384,715061981
-61402128,715061472
-61401890,715061001
-61401643,715060512
-61401416,715060051
-61401178,715059565
-61400938,715059081
-61400701,715058603
-61400462,715058125
-61400219,715057643
-61399977,715057169
-61399736,715056699
-61399497,715056230
-61399259,715055760
-61399028,715055292
-61398796,715054812
-61398560,715054328
-61398312,715053828
-61398059,715053319
-61397793,715052790
-61397521,715052254
-61397242,715051691
-61396962,715051127
-61396683,715050572
-61396400,715050012
-61396114,715049453
-61395836,715048905
-61395558,715048358
-61395274,715047812
-61394981,715047248
-61394726,715046755
-61394464,715046238
-61394199,715045719
-61393941,715045205
-61393687,715044698
-61393438,715044196
-61393194,715043689
-61392966,715043221
-61392722,715042730
-61392487,715042285
-61392239,715041824
-61391997,715041368
-61391757,715040915
-61391503,715040431
-61391290,715040020
-61391066,715039578
-61390843,715039140
-61390623,715038710
-61390407,715038282
-61390185,715037857
-61389955,715037432
-61389731,715037003
-61389509,715036561
-61389286,715036107
-61389060,715035637
-61388831,715035162
-61388595,715034689
-61388336,715034200
-61388086,715033711
-61387843,715033218
-61387598,715032719
-61387339,715032215
-61387067,715031707
-61386799,715031203
-61386544,715030695
-61386285,715030185
-61386018,715029666
-61385782,715029210
-61385532,715028718
-61385302,715028262
-61385072,715027806
-61384838,715027346
-61384592,715026882
-61384350,715026422
-61384105,715025961
-61383848,715025498
-61383562,715025045
-61383224,715024595
-61382773,715024113
-61382272,715023676
-61381686,715023245
-61381073,715022833
-61380493,715022432
-61379945,715022012
-61379445,715021589
-61378967,715021137
-61378504,715020668
-61378028,715020169
-61377574,715019693
-61377088,715019200
-61376568,715018718
-61376010,715018254
-61375442,715017812
-61374899,715017375
-61374367,715016935
-61373847,715016489
-61373358,715016024
-61372918,715015579
-61372426,715015074
-61371989,715014626
-61371502,715014152
-61370942,715013698
-61370313,715013280
-61369586,715012918
-61368817,715012649
-61367941,715012453
-61367020,715012362
-61366032,715012374
-61365078,715012474
-61364034,715012690
-61363066,715012988
-61362060,715013382
-61361058,715013858
-61360073,715014423
-61359107,715015082
-61358178,715015834
-61357291,715016700
-61356456,715017682
-61355767,715018667
-61355138,715019745
-61354538,715020805
-61353901,715021830
-61353183,715022777
-61352375,715023630
-61351500,715024402
-61350578,715025085
-61349617,715025690
-61348612,715026312
-61347606,715026976
-61346555,715027775
-61345558,715028707
-61344588,715029812
-61343734,715031007
-61342987,715032319
-61342429,715033588
-61341983,715034933
-61341678,715036301
-61341528,715037669
-61341514,715039016
-61341636,715040291
-61341880,715041501
-61342224,715042633
-61342644,715043646
-61343138,715044565
-61343687,715045364
-61344307,715046062
-61344971,715046663
-61345669,715047219
-61346265,715047682
-61346915,715048138
-61347570,715048524
-61348256,715048820
-61348883,715048990
-61349512,715049061
-61350051,715049039
-61350566,715048961
-61351053,715048854
-61351533,715048745
-61352016,715048644
-61352518,715048546
-61353045,715048475
-61353690,715048486
-61354294,715048618
-61354895,715048870
-61355535,715049249
-61356152,715049696
-61356764,715050189
-61357375,715050660
-61357929,715051039
-61358537,715051407
-61359729,715052054
-61360350,715052381
-61360879,715052681
-61361444,715053014
-61362032,715053371
-61362624,715053732
-61363302,715054134
-61363896,715054481
-61364524,715054854
-61365153,715055239
-61365775,715055628
-61366397,715056019
-61367017,715056404
-61367659,715056786
-61368218,715057110
-61368830,715057449
-61369448,715057721
-61370137,715057928
-61370678,715057981
-61371235,715057901
-61371719,715057701
-61372083,715057435
-61372366,715057093
-61372539,715056777
-61372696,715056440
-61372866,715056117
-61373090,715055830
-61373363,715055590
-61373733,715055356
-61374041,715055190
-61374391,715055006
-61374759,715054801
-61375120,715054580
-61375457,715054346
-61375774,715054113
-61376101,715053879
-61376379,715053688
-61376672,715053484
-61376962,715053277
-61377258,715053064
-61377557,715052848
-61377871,715052634
-61378211,715052417
-61378546,715052208
-61378891,715051997
-61379227,715051789
-61379554,715051575
-61379876,715051354
-61380196,715051131
-61380522,715050904
-61380854,715050678
-61381201,715050452
-61381570,715050225
-61381942,715050000
-61382270,715049797
-61382613,715049580
-61382949,715049362
-61383283,715049146
-61383629,715048925
-61383943,715048717
-61384267,715048496
-61384604,715048260
-61384927,715048044
-61385277,715047825
-61385632,715047613
-61385989,715047402
-61386344,715047187
-61386689,715046960
-61387020,715046725
-61387346,715046495
-61387650,715046291
-61387970,715046088
-61388266,715045907
-61388572,715045715
-61388876,715045516
-61389189,715045303
-61389479,715045107
-61389809,715044885
-61390143,715044676
-61390464,715044486
-61390777,715044299
-61391110,715044093
-61391437,715043882
-61391753,715043671
-61392062,715043463
-61392369,715043256
-61392689,715043035
-61393009,715042816
-61393379,715042575
-61393718,715042363
-61394085,715042147
-61394461,715041917
-61394830,715041673
-61395228,715041402
-61395573,715041175
-61395949,715040947
-61396326,715040713
-61396692,715040471
-61397049,715040220
-61397396,715039967
-61397765,715039706
-61398096,715039486
-61398466,715039259
-61398823,715039048
-61399214,715038815
-61399609,715038628
-61400078,715038492
-61400610,715038457
-61401192,715038538
-61401800,715038738
-61402452,715039085
-61403010,715039499
-61403580,715040055
-61404107,715040724
-61404595,715041529
-61405020,715042420
-61405388,715043253
-61405807,715044120
-61406306,715044942
-61406887,715045675
-61407530,715046329
-61408136,715046875
-61408742,715047436
-61409317,715048019
-61409880,715048625
-61410444,715049242
-61411022,715049859
-61411613,715050475
-61412209,715051096
-61412809,715051733
-61413399,715052371
-61414579,715053665
-61415169,715054304
-61415760,715054923
-61416372,715055540
-61416982,715056149
-61417588,715056757
-61418194,715057377
-61418807,715058013
-61419439,715058676
-61420066,715059351
-61420714,715060047
-61421408,715060792
-61422020,715061448
-61422688,715062142
-61423408,715062876
-61424048,715063530
-61424723,715064237
-61425389,715064947
-61426013,715065612
-61426638,715066287
-61427240,715066929
-61427861,715067575
-61428504,715068231
-61429101,715068833
-61429733,715069472
-61430365,715070120
-61430999,715070792
-61431613,715071461
-61432220,715072129
-61432825,715072787
-61433427,715073429
-61434033,715074048
-61434649,715074662
-61435286,715075302
-61435877,715075906
-61436494,715076544
-61437100,715077188
-61437715,715077868
-61439010,715079250
-61439680,715079957
-61440245,715080579
-61440860,715081251
-61441492,715081941
-61442085,715082574
-61442706,715083214
-61443329,715083838
-61443957,715084469
-61444588,715085125
-61445214,715085793
-61445830,715086463
-61446427,715087111
-61447028,715087749
-61447626,715088373
-61448234,715088991
-61448813,715089573
-61449413,715090174
-61450025,715090794
-61450640,715091433
-61451243,715092083
-61451839,715092738
-61452422,715093367
-61453008,715093986
-61453602,715094597
-61454179,715095181
-61454735,715095755
-61455272,715096312
-61455857,715096914
-61456402,715097477
-61456976,715098074
-61457549,715098678
-61458120,715099287
-61458751,715099972
-61459275,715100548
-61459870,715101203
-61460475,715101851
-61461157,715102558
-61461818,715103232
-61462459,715103883
-61463157,715104593
-61463859,715105310
-61464557,715106032
-61465253,715106745
-61465951,715107470
-61466637,715108203
-61467312,715108947
-61467973,715109703
-61468629,715110440
-61469301,715111154
-61469971,715111842
-61470643,715112514
-61471259,715113128
-61471889,715113767
-61472465,715114365
-61473053,715114989
-61473659,715115637
-61474229,715116249
-61474760,715116812
-61475289,715117368
-61475840,715117945
-61476396,715118530
-61476950,715119118
-61477502,715119708
-61478068,715120321
-61478594,715120895
-61479132,715121473
-61479676,715122039
-61480778,715123144
-61481352,715123712
-61481930,715124287
-61482501,715124868
-61483110,715125503
-61483728,715126164
-61484323,715126815
-61484893,715127442
-61485492,715128085
-61486094,715128713
-61486702,715129344
-61488559,715131328
-61489117,715131932
-61489712,715132565
-61490310,715133191
-61490891,715133782
-61491482,715134367
-61492048,715134933
-61492613,715135501
-61493152,715136052
-61493684,715136610
-61494212,715137170
-61494743,715137735
-61495269,715138293
-61495793,715138846
-61496334,715139428
-61496827,715139967
-61497357,715140545
-61497883,715141110
-61498422,715141692
-61498948,715142275
-61499469,715142852
-61499987,715143400
-61500507,715143929
-61501046,715144470
-61501605,715145027
-61502137,715145547
-61503299,715146714
-61503801,715147231
-61504382,715147843
-61504934,715148453
-61505461,715149051
-61506023,715149683
-61506523,715150222
-61507098,715150767
-61507642,715151183
-61508201,715151507
-61508785,715151732
-61509360,715151849
-61509955,715151861
-61510430,715151774
-61510834,715151605
-61511152,715151377
-61511435,715151102
-61511709,715150827
-61512017,715150584
-61512421,715150412
-61512822,715150355
-61513279,715150362
-61513754,715150403
-61514238,715150444
-61514719,715150457
-61515185,715150434
-61515653,715150388
-61516106,715150339
-61516571,715150307
-61517040,715150293
-61517506,715150279
-61517969,715150261
-61518433,715150234
-61518897,715150194
-61519362,715150155
-61519828,715150120
-61520297,715150095
-61520787,715150077
-61521251,715150056
-61521762,715150020
-61522242,715149986
-61522755,715149957
-61523278,715149938
-61523805,715149928
-61524260,715149918
-61524723,715149908
-61525204,715149884
-61525684,715149849
-61526167,715149815
-61526646,715149780
-61527147,715149751
-61527606,715149729
-61528087,715149712
-61528573,715149695
-61529058,715149678
-61529541,715149659
-61530025,715149640
-61530503,715149618
-61531434,715149563
-61531889,715149530
-61532344,715149494
-61532802,715149459
-61533258,715149429
-61533742,715149405
-61534189,715149385
-61534661,715149368
-61535135,715149356
-61535609,715149348
-61536083,715149337
-61536552,715149320
-61537025,715149292
-61537495,715149257
-61537981,715149227
-61538462,715149205
-61538957,715149184
-61539444,715149165
-61539934,715149146
-61540425,715149115
-61540925,715149077
-61541425,715149044
-61541929,715149009
-61542439,715148984
-61542954,715148971
-61543481,715148959
-61544080,715148936
-61544527,715148908
-61545036,715148874
-61545540,715148843
-61546060,715148820
-61546509,715148799
-61546998,715148781
-61547490,715148764
-61547986,715148738
-61548488,715148707
-61548946,715148680
-61549452,715148654
-61549957,715148630
-61550467,715148608
-61550986,715148585
-61551513,715148576
-61552098,715148604
-61552615,715148668
-61553176,715148759
-61553731,715148843
-61554284,715148908
-61554835,715148956
-61555399,715148989
-61555999,715149020
-61556536,715149051
-61557107,715149089
-61557678,715149136
-61558251,715149185
-61558830,715149235
-61559404,715149282
-61559977,715149324
-61560562,715149363
-61561153,715149400
-61561742,715149439
-61562340,715149479
-61562938,715149525
-61563548,715149579
-61564117,715149633
-61564708,715149679
-61565306,715149716
-61565909,715149757
-61566523,715149811
-61567135,715149873
-61567749,715149934
-61568355,715149984
-61568962,715150025
-61569586,715150064
-61570208,715150107
-61570882,715150164
-61571470,715150223
-61572103,715150287
-61572758,715150393
-61573453,715150588
-61574144,715150905
-61574857,715151378
-61575567,715152004
-61576814,715153672
-61577307,715154674
-61577713,715155782
-61578081,715156930
-61578493,715158077
-61579005,715159153
-61579578,715160070
-61580247,715160973
-61580915,715161811
-61581459,715162514
-61582041,715163306
-61582609,715164109
-61583176,715164919
-61583752,715165744
-61584339,715166581
-61584930,715167416
-61585524,715168265
-61586109,715169112
-61586699,715169986
-61587237,715170783
-61587797,715171583
-61588365,715172376
-61588930,715173158
-61589507,715173947
-61590091,715174741
-61590682,715175548
-61591271,715176363
-61591843,715177176
-61592401,715177991
-61593011,715178864
-61593466,715179497
-61593988,715180233
-61594498,715180970
-61595010,715181704
-61595559,715182501
-61596016,715183249
-61596474,715184123
-61596875,715185062
-61597238,715186032
-61597621,715187070
-61597988,715187952
-61598426,715188882
-61598874,715189778
-61599321,715190648
-61599775,715191545
-61600181,715192376
-61600613,715193273
-61601060,715194154
-61601532,715195066
-61601991,715195988
-61602427,715196916
-61602853,715197851
-61603273,715198785
-61603702,715199722
-61604142,715200654
-61604587,715201576
-61605036,715202493
-61605478,715203407
-61605910,715204314
-61606337,715205222
-61606772,715206140
-61607230,715207090
-61607658,715207974
-61608111,715208901
-61608564,715209831
-61609002,715210749
-61609439,715211663
-61609851,715212617
-61610200,715213651
-61610434,715214767
-61610532,715215948
-61610503,715217087
-61610356,715218306
-61610146,715219519
-61609952,715220740
-61609853,715221999
-61609875,715223256
-61609980,715224489
-61610125,715225734
-61610242,715226883
-61610314,715228079
-61610343,715229263
-61610357,715230493
-61610378,715231647
-61610416,715232833
-61610460,715234027
-61610504,715235271
-61610553,715236422
-61610603,715237613
-61610655,715238789
-61610700,715239953
-61610740,715241117
-61610783,715242292
-61610826,715243473
-61610874,715244631
-61610922,715245776
-61610971,715246926
-61611025,715248072
-61611084,715249207
-61611144,715250330
-61611200,715251455
-61611274,715252574
-61611409,715253676
-61611631,715254829
-61611891,715255798
-61612205,715256846
-61612469,715257813
-61612695,715258837
-61612887,715259871
-61613064,715260919
-61613252,715261984
-61613473,715263119
-61613670,715264103
-61613876,715265155
-61614076,715266200
-61614278,715267269
-61614468,715268263
-61614672,715269298
-61614884,715270334
-61615097,715271377
-61615303,715272436
-61615502,715273496
-61615706,715274540
-61615919,715275588
-61616142,715276643
-61616364,715277711
-61616582,715278796
-61616793,715279886
-61616994,715280989
-61617187,715282092
-61617385,715283185
-61617596,715284280
-61617817,715285373
-61618044,715286459
-61618274,715287554
-61618502,715288690
-61618719,715289833
-61618928,715290979
-61619149,715292111
-61619425,715293217
-61619783,715294283
-61620241,715295287
-61620789,715296200
-61621407,715297007
-61622082,715297703
-61622771,715298265
-61623508,715298717
-61624155,715299002
-61624769,715299169
-61625349,715299232
-61625873,715299187
-61626345,715299060
-61626795,715298897
-61627227,715298758
-61627701,715298660
-61628187,715298622
-61628742,715298663
-61629334,715298818
-61629988,715299129
-61630602,715299517
-61631244,715299980
-61631896,715300462
-61632557,715300920
-61633242,715301355
-61633877,715301747
-61634523,715302152
-61635152,715302547
-61635774,715302924
-61636411,715303297
-61637013,715303649
-61637634,715304015
-61638244,715304379
-61638852,715304750
-61639479,715305143
-61640117,715305544
-61640779,715305945
-61641404,715306315
-61642053,715306740
-61642729,715307267
-61643384,715307890
-61644017,715308553
-61644686,715309239
-61645335,715309850
-61646016,715310445
-61646706,715311017
-61647400,715311581
-61648084,715312176
-61648743,715312761
-61649444,715313382
-61650057,715313915
-61650732,715314485
-61651416,715315058
-61652099,715315638
-61652795,715316227
-61653496,715316825
-61654267,715317497
-61654903,715318061
-61655613,715318693
-61656316,715319318
-61657031,715319951
-61657738,715320570
-61658439,715321191
-61659171,715321844
-61659755,715322368
-61660399,715322934
-61660999,715323458
-61661630,715324003
-61662264,715324543
-61662895,715325083
-61663528,715325618
-61664164,715326157
-61664816,715326722
-61665421,715327253
-61666052,715327801
-61666690,715328349
-61667331,715328903
-61667977,715329465
-61668670,715330083
-61669269,715330628
-61669915,715331203
-61670564,715331757
-61671218,715332299
-61671921,715332888
-61672532,715333414
-61673179,715333988
-61673819,715334550
-61674447,715335104
-61675087,715335674
-61675693,715336213
-61676320,715336766
-61676975,715337335
-61677660,715337919
-61678307,715338479
-61678981,715339069
-61679649,715339646
-61680314,715340228
-61680971,715340802
-61681613,715341366
-61682300,715341974
-61682913,715342507
-61683574,715343057
-61684255,715343597
-61684947,715344152
-61685591,715344707
-61686243,715345309
-61686846,715345880
-61687483,715346482
-61688059,715347009
-61688662,715347539
-61689263,715348052
-61689868,715348556
-61690511,715349082
-61691070,715349539
-61691674,715350031
-61692282,715350547
-61692886,715351074
-61693516,715351641
-61694099,715352173
-61694693,715352731
-61695307,715353299
-61695921,715353840
-61696636,715354441
-61697176,715354886
-61697793,715355390
-61698404,715355907
-61699021,715356440
-61699643,715356991
-61700265,715357540
-61700938,715358132
-61701543,715358654
-61702203,715359235
-61702828,715359795
-61703479,715360379
-61704087,715360921
-61704717,715361476
-61705333,715362023
-61705954,715362575
-61706526,715363079
-61707110,715363584
-61707701,715364080
-61708296,715364559
-61708901,715365037
-61709511,715365526
-61710119,715366033
-61710711,715366569
-61711293,715367187
-61711846,715367902
-61712377,715368792
-61712766,715369653
-61713129,715370612
-61713498,715371586
-61713917,715372524
-61714424,715373433
-61714941,715374227
-61715489,715375007
-61716027,715375780
-61716559,715376590
-61717087,715377449
-61717574,715378264
-61718075,715379110
-61718564,715379938
-61719081,715380814
-61719568,715381633
-61720071,715382474
-61721093,715384193
-61721640,715385095
-61722194,715386029
-61722774,715387012
-61723317,715387930
-61723882,715388856
-61724472,715389782
-61725021,715390649
-61725579,715391565
-61726132,715392504
-61726689,715393439
-61727244,715394339
-61727776,715395196
-61728320,715396083
-61728825,715396920
-61729319,715397754
-61729802,715398577
-61730290,715399399
-61730750,715400163
-61731238,715400962
-61731738,715401765
-61732230,715402602
-61732776,715403665
-61733174,715404620
-61733532,715405672
-61733876,715406747
-61734285,715407868
-61734756,715408958
-61735234,715409996
-61735722,715411046
-61736203,715412115
-61736678,715413194
-61737173,715414287
-61737674,715415398
-61738173,715416541
-61738638,715417675
-61739095,715418811
-61739557,715419942
-61740006,715421026
-61740464,715422093
-61740931,715423123
-61741405,715424144
-61741896,715425215
-61742340,715426200
-61742807,715427265
-61743222,715428245
-61743642,715429259
-61744063,715430259
-61744487,715431242
-61745346,715433189
-61745739,715434093
-61746144,715435022
-61746549,715435928
-61746956,715436841
-61747359,715437762
-61747759,715438697
-61748156,715439647
-61748567,715440620
-61749015,715441660
-61749424,715442598
-61749847,715443626
-61750230,715444764
-61750515,715445994
-61750719,715447259
-61750893,715448533
-61751111,715449803
-61751401,715451044
-61751740,715452246
-61752090,715453421
-61752422,715454635
-61752730,715455780
-61753069,715457041
-61753341,715458069
-61753636,715459217
-61753929,715460394
-61754197,715461504
-61754469,715462667
-61754715,715463741
-61754999,715464955
-61755223,715465873
-61755450,715466983
-61755604,715468130
-61755643,715469318
-61755548,715470564
-61755339,715471713
-61755000,715472901
-61754548,715474052
-61753983,715475162
-61753219,715476362
-61752574,715477192
-61751736,715478101
-61750829,715478909
-61749826,715479638
-61748820,715480219
-61746652,715481010
-61745561,715481223
-61744409,715481301
-61743527,715481249
-61742632,715481087
-61741135,715480475
-61740553,715480054
-61740086,715479586
-61739761,715479083
-61739577,715478575
-61739531,715478080
-61739602,715477611
-61739724,715477203
-61739863,715476802
-61739993,715476374
-61740087,715475980
-61740174,715475545
-61740240,715475181
-61740306,715474804
-61740390,715474028
-61740366,715473618
-61740257,715473156
-61740044,715472670
-61739728,715472183
-61739351,715471709
-61738966,715471258
-61738624,715470833
-61738110,715470012
-61737917,715469598
-61737747,715469176
-61737574,715468745
-61737376,715468298
-61737158,715467847
-61736895,715467379
-61736595,715466918
-61736278,715466473
-61735964,715466039
-61735650,715465606
-61735341,715465175
-61735051,715464748
-61734766,715464277
-61734538,715463885
-61734275,715463451
-61733989,715463000
-61733656,715462544
-61733228,715462069
-61732673,715461610
-61731997,715461198
-61731242,715460829
-61730497,715460493
-61729813,715460134
-61729207,715459722
-61728748,715459336
-61728293,715458895
-61727800,715458404
-61727344,715457980
-61726803,715457530
-61726199,715457098
-61725558,715456698
-61724959,715456347
-61724360,715455992
-61723845,715455650
-61723354,715455275
-61722895,715454885
-61722475,715454513
-61722027,715454121
-61721599,715453759
-61720642,715453021
-61720125,715452666
-61719605,715452313
-61719047,715451929
-61718580,715451594
-61718087,715451224
-61717060,715450455
-61716522,715450046
-61715999,715449646
-61715485,715449265
-61714923,715448869
-61714362,715448470
-61713834,715448058
-61713355,715447593
-61713015,715447109
-61712781,715446615
-61712582,715446118
-61712359,715445618
-61712076,715445116
-61711716,715444624
-61711279,715444149
-61710813,715443697
-61710361,715443264
-61709956,715442841
-61709617,715442417
-61709340,715441987
-61709094,715441537
-61708857,715441099
-61708592,715440650
-61708264,715440167
-61707944,715439759
-61707573,715439334
-61707199,715438932
-61706842,715438542
-61706502,715438121
-61706231,715437742
-61705954,715437324
-61705683,715436895
-61705398,715436454
-61705061,715435979
-61704738,715435565
-61704370,715435127
-61704004,715434699
-61703656,715434277
-61703330,715433853
-61703025,715433426
-61702729,715432993
-61702424,715432555
-61702110,715432114
-61701779,715431673
-61701419,715431224
-61701075,715430809
-61700734,715430389
-61700409,715429965
-61700104,715429544
-61699809,715429116
-61699515,715428685
-61699196,715428230
-61698879,715427803
-61698536,715427368
-61698165,715426920
-61697810,715426495
-61697447,715426041
-61697118,715425598
-61696779,715425124
-61696462,715424671
-61696127,715424195
-61695771,715423716
-61695417,715423237
-61695126,715422760
-61694915,715422280
-61694784,715421782
-61694697,715421319
-61694590,715420814
-61694439,715420294
-61694225,715419758
-61694000,715419317
-61693733,715418870
-61693470,715418449
-61693242,715418048
-61693046,715417615
-61692923,715417271
-61692811,715416880
-61692717,715416474
-61692607,715416043
-61692476,715415622
-61692301,715415180
-61692084,715414751
-61691836,715414338
-61691587,715413949
-61691367,715413584
-61691188,715413232
-61691044,715412877
-61690941,715412546
-61690853,715412190
-61690773,715411815
-61690680,715411419
-61690554,715411005
-61690384,715410579
-61690161,715410151
-61689903,715409725
-61689669,715409349
-61689458,715408979
-61689289,715408623
-61689159,715408250
-61689065,715407879
-61688975,715407496
-61688869,715407094
-61688732,715406674
-61688554,715406251
-61688340,715405838
-61688114,715405447
-61687887,715405071
-61687704,715404752
-61687555,715404434
-61687452,715404118
-61687379,715403784
-61687317,715403409
-61687227,715402983
-61687059,715402522
-61686812,715402069
-61686514,715401641
-61686220,715401247
-61685974,715400874
-61685788,715400513
-61685662,715400164
-61685585,715399809
-61685539,715399451
-61685489,715399083
-61685403,715398669
-61685259,715398226
-61685050,715397779
-61684757,715397281
-61684524,715396920
-61684271,715396521
-61684064,715396148
-61683904,715395791
-61683786,715395427
-61683707,715395080
-61683627,715394691
-61683518,715394273
-61683360,715393835
-61683154,715393395
-61682913,715392963
-61682671,715392547
-61682450,715392139
-61682266,715391734
-61682111,715391315
-61681985,715390921
-61681874,715390497
-61681800,715390073
-61681772,715389659
-61681774,715389250
-61681781,715388819
-61681767,715388401
-61681717,715387960
-61681629,715387500
-61681525,715387066
-61681422,715386644
-61681344,715386249
-61681288,715385841
-61681245,715385413
-61681214,715385003
-61681176,715384513
-61681135,715384132
-61681070,715383664
-61680993,715383194
-61680908,715382714
-61680832,715382279
-61680763,715381834
-61680704,715381378
-61680656,715380927
-61680615,715380470
-61680565,715380014
-61680506,715379532
-61680445,715379077
-61680377,715378587
-61680301,715378081
-61680225,715377574
-61680147,715377062
-61680072,715376556
-61680001,715376063
-61679938,715375577
-61679877,715375097
-61679815,715374617
-61679755,715374140
-61679698,715373670
-61679640,715373199
-61679581,715372721
-61679437,715371737
-61679351,715371239
-61679265,715370754
-61679181,715370271
-61679105,715369801
-61679045,715369335
-61678989,715368844
-61678937,715368380
-61678884,715367898
-61678827,715367407
-61678761,715366907
-61678681,715366367
-61678604,715365899
-61678477,715365378
-61678286,715364838
-61678009,715364294
-61677666,715363765
-61677313,715363263
-61676991,715362777
-61676724,715362288
-61676528,715361793
-61676375,715361263
-61676229,715360726
-61676048,715360140
-61675806,715359519
-61675513,715358914
-61675195,715358333
-61674877,715357768
-61674579,715357218
-61674317,715356678
-61674088,715356148
-61673878,715355618
-61673683,715355106
-61673476,715354578
-61673250,715354048
-61673022,715353560
-61672764,715353057
-61672515,715352595
-61672256,715352120
-61672016,715351651
-61671805,715351187
-61671619,715350724
-61671450,715350255
-61671289,715349773
-61671116,715349272
-61670911,715348749
-61670673,715348222
-61670414,715347701
-61670118,715347146
-61669863,715346679
-61669604,715346188
-61669360,715345677
-61669142,715345164
-61668944,715344652
-61668734,715344105
-61668513,715343544
-61668267,715342936
-61667983,715342292
-61667686,715341673
-61667356,715341036
-61667028,715340408
-61666739,715339819
-61666481,715339247
-61666256,715338662
-61666058,715338099
-61665858,715337534
-61665624,715336957
-61665358,715336385
-61665087,715335870
-61664801,715335351
-61664521,715334850
-61664253,715334335
-61664060,715333899
-61663878,715333424
-61663702,715332932
-61663536,715332460
-61663345,715331917
-61663150,715331431
-61662897,715330913
-61662624,715330414
-61662366,715329939
-61662126,715329477
-61661904,715329014
-61661698,715328542
-61661499,715328051
-61661297,715327542
-61661085,715327022
-61660855,715326493
-61660606,715325959
-61660375,715325469
-61660128,715324946
-61659868,715324389
-61659641,715323889
-61659416,715323358
-61659198,715322844
-61658954,715322285
-61658696,715321721
-61658428,715321158
-61658147,715320578
-61657894,715320044
-61657651,715319501
-61657415,715318939
-61657195,715318410
-61656980,715317902
-61656764,715317387
-61656540,715316866
-61656298,715316343
-61656056,715315837
-61655832,715315374
-61655592,715314896
-61655379,715314453
-61655173,715314001
-61654974,715313548
-61654785,715313094
-61654611,715312638
-61654436,715312167
-61654240,715311648
-61654056,715311191
-61653824,715310681
-61653573,715310212
-61653281,715309731
-61652982,715309260
-61652726,715308802
-61652494,715308300
-61652319,715307856
-61651968,715306814
-61651748,715306195
-61651258,715305039
-61650934,715304409
-61650595,715303796
-61650277,715303210
-61649791,715302094
-61649608,715301557
-61649428,715301006
-61649230,715300432
-61648986,715299850
-61648697,715299289
-61648391,715298770
-61648099,715298303
-61647843,715297856
-61647639,715297415
-61647479,715296987
-61647343,715296565
-61647207,715296144
-61647053,715295700
-61646886,715295280
-61646679,715294841
-61646444,715294405
-61646195,715293982
-61645750,715293180
-61645572,715292786
-61645414,715292383
-61645269,715291976
-61645127,715291555
-61644978,715291127
-61644805,715290680
-61644607,715290226
-61644369,715289744
-61644130,715289297
-61643888,715288848
-61643666,715288415
-61643470,715287986
-61643297,715287560
-61643135,715287126
-61642972,715286685
-61642495,715285734
-61642106,715285218
-61641618,715284760
-61641004,715284355
-61640293,715284028
-61639467,715283777
-61638656,715283630
-61637806,715283513
-61637003,715283361
-61636234,715283118
-61635613,715282810
-61635041,715282436
-61634483,715282017
-61633906,715281592
-61633283,715281200
-61632612,715280862
-61631868,715280556
-61631224,715280315
-61630570,715280061
-61629923,715279764
-61629388,715279469
-61628843,715279137
-61628282,715278793
-61627683,715278447
-61627095,715278127
-61626509,715277806
-61625980,715277499
-61625498,715277187
-61625052,715276868
-61624626,715276545
-61624200,715276211
-61623730,715275840
-61623297,715275516
-61622805,715275175
-61622294,715274850
-61621774,715274538
-61621236,715274224
-61620727,715273920
-61620260,715273624
-61619786,715273304
-61619335,715272977
-61618871,715272627
-61618427,715272293
-61617985,715271970
-61617512,715271637
-61617022,715271313
-61616522,715271001
-61616019,715270696
-61615505,715270385
-61615043,715270095
-61614582,715269791
-61614137,715269485
-61613696,715269168
-61613249,715268841
-61612770,715268494
-61612250,715268122
-61611763,715267791
-61611223,715267440
-61610676,715267092
-61610108,715266735
-61609589,715266407
-61609060,715266066
-61608542,715265730
-61608023,715265383
-61607550,715265061
-61607046,715264706
-61606575,715264369
-61606060,715264004
-61605564,715263662
-61605039,715263317
-61604493,715262967
-61603982,715262646
-61603449,715262312
-61602965,715262001
-61602471,715261672
-61602015,715261360
-61601533,715261019
-61601065,715260690
-61600604,715260377
-61600127,715260061
-61599642,715259750
-61599149,715259443
-61598674,715259137
-61598212,715258825
-61597756,715258501
-61597298,715258165
-61596826,715257814
-61596341,715257459
-61595826,715257098
-61595281,715256741
-61594718,715256399
-61594147,715256063
-61593588,715255732
-61593049,715255398
-61592534,715255058
-61592030,715254706
-61591539,715254346
-61591027,715253964
-61590485,715253567
-61589940,715253179
-61589348,715252774
-61588730,715252379
-61588101,715251998
-61587482,715251626
-61586874,715251252
-61586290,715250878
-61585720,715250494
-61585168,715250097
-61584621,715249695
-61584066,715249285
-61583494,715248874
-61582904,715248469
-61582283,715248069
-61581654,715247681
-61580330,715246880
-61579790,715246533
-61579214,715246139
-61578650,715245730
-61577487,715244893
-61576918,715244499
-61576324,715244103
-61575688,715243698
-61575092,715243327
-61574480,715242946
-61573881,715242567
-61573299,715242183
-61572729,715241780
-61572162,715241366
-61571580,715240944
-61570958,715240508
-61570352,715240101
-61569700,715239683
-61569038,715239270
-61568381,715238858
-61567737,715238440
-61567109,715238024
-61566495,715237612
-61565879,715237201
-61565260,715236784
-61564641,715236362
-61564018,715235925
-61563388,715235482
-61562750,715235040
-61562063,715234586
-61561411,715234168
-61560751,715233742
-61559999,715233266
-61559439,715232917
-61558794,715232515
-61558100,715232124
-61557329,715231757
-61556446,715231451
-61555441,715231243
-61554444,715231165
-61553405,715231154
-61552392,715231146
-61551418,715231089
-61550507,715230965
-61549654,715230768
-61548837,715230525
-61548012,715230265
-61547147,715230012
-61546235,715229790
-61545292,715229610
-61544353,715229459
-61543444,715229317
-61542559,715229169
-61541690,715229001
-61540794,715228810
-61539970,715228632
-61539126,715228443
-61538239,715228251
-61537340,715228055
-61536403,715227856
-61535429,715227658
-61534551,715227456
-61533639,715227263
-61532729,715227085
-61531840,715226916
-61530946,715226749
-61530062,715226543
-61529216,715226344
-61528320,715226136
-61527419,715225935
-61526580,715225762
-61525715,715225589
-61524849,715225428
-61523987,715225255
-61523148,715225048
-61522362,715224773
-61521653,715224410
-61521066,715223968
-61520561,715223416
-61520279,715222954
-61520096,715222444
-61520031,715221931
-61520046,715221439
-61520071,715220945
-61520043,715220428
-61519912,715219872
-61519667,715219293
-61519323,715218738
-61518865,715218184
-61518410,715217696
-61517985,715217206
-61517622,715216712
-61517362,715216266
-61517135,715215775
-61516955,715215344
-61516754,715214869
-61516529,715214384
-61516271,715213886
-61515954,715213353
-61515639,715212883
-61515313,715212430
-61514983,715211966
-61514673,715211506
-61514393,715211042
-61514134,715210580
-61513871,715210093
-61513616,715209627
-61513337,715209140
-61513023,715208620
-61512741,715208171
-61512432,715207699
-61512121,715207231
-61511823,715206764
-61511537,715206294
-61511257,715205820
-61510969,715205329
-61510697,715204868
-61510403,715204390
-61510101,715203917
-61509791,715203429
-61509499,715202962
-61509227,715202508
-61508952,715202032
-61508678,715201556
-61508391,715201065
-61508119,715200610
-61507825,715200137
-61507525,715199668
-61507218,715199211
-61506899,715198739
-61506608,715198283
-61506346,715197849
-61506095,715197389
-61505859,715196918
-61505618,715196442
-61505339,715195939
-61505072,715195511
-61504767,715195065
-61504453,715194632
-61504149,715194217
-61503875,715193819
-61503621,715193412
-61503408,715193036
-61503206,715192645
-61503005,715192245
-61502791,715191838
-61502550,715191416
-61502296,715191008
-61501999,715190565
-61501731,715190186
-61501448,715189787
-61501179,715189391
-61500934,715188996
-61500739,715188594
-61500631,715188174
-61500648,715187771
-61500791,715187393
-61501016,715187035
-61501269,715186688
-61501510,715186318
-61501700,715185903
-61501827,715185452
-61501893,715185000
-61501938,715184583
-61502000,715184209
-61502102,715183868
-61502232,715183553
-61502372,715183238
-61502522,715182912
-61502670,715182563
-61502811,715182159
-61502901,715181797
-61502984,715181419
-61503067,715181079
-61503157,715180742
-61503251,715180434
-61503359,715180126
-61503476,715179814
-61503587,715179494
-61503684,715179190
-61503781,715178858
-61503874,715178520
-61503970,715178182
-61504066,715177849
-61504165,715177525
-61504277,715177193
-61504399,715176865
-61504533,715176515
-61504671,715176147
-61504811,715175753
-61504951,715175325
-61505064,715174917
-61505169,715174484
-61505273,715174072
-61505395,715173650
-61505526,715173270
-61505666,715172875
-61505819,715172450
-61505942,715172051
-61506062,715171631
-61506175,715171211
-61506286,715170805
-61506405,715170417
-61506544,715170020
-61506679,715169639
-61506799,715169266
-61506920,715168840
-61507020,715168473
-61507131,715168076
-61507257,715167662
-61507396,715167289
-61507540,715166905
-61507683,715166526
-61507820,715166140
-61507939,715165748
-61508048,715165348
-61508151,715164947
-61508250,715164544
-61508356,715164149
-61508479,715163752
-61508619,715163341
-61508806,715162960
-61509074,715162605
-61509434,715162321
-61509908,715162146
-61510468,715162061
-61511071,715162025
-61511683,715162007
-61512281,715161965
-61512851,715161869
-61513378,715161728
-61513882,715161568
-61514327,715161429
-61514784,715161299
-61515248,715161183
-61515730,715161076
-61516224,715160973
-61516763,715160853
-61517233,715160739
-61517742,715160607
-61518256,715160479
-61518805,715160353
-61519283,715160251
-61519793,715160147
-61520314,715160039
-61520814,715159930
-61521302,715159813
-61521807,715159687
-61522284,715159565
-61522783,715159439
-61523285,715159316
-61523784,715159196
-61524291,715159079
-61524783,715158970
-61525276,715158858
-61525797,715158731
-61526241,715158616
-61526727,715158498
-61527243,715158433
-61527801,715158452
-61528422,715158598
-61529028,715158859
-61529652,715159210
-61530288,715159606
-61530936,715159989
-61531613,715160322
-61532250,715160563
-61532898,715160761
-61533515,715160941
-61534106,715161133
-61534743,715161369
-61535294,715161588
-61535884,715161817
-61536508,715162068
-61537203,715162421
-61537834,715162865
-61538482,715163500
-61539086,715164313
-61539561,715165202
-61539950,715166238
-61540223,715167400
-61540348,715168552
-61540341,715169772
-61540189,715171059
-61539910,715172271
-61539505,715173466
-61538968,715174624
-61538318,715175689
-61537615,715176687
-61536936,715177696
-61536278,715178839
-61535840,715179821
-61535454,715180978
-61535200,715182076
-61535041,715183220
-61534994,715184343
-61535047,715185438
-61535200,715186474
-61535436,715187437
-61535745,715188354
-61536122,715189216
-61536565,715190015
-61537069,715190742
-61537614,715191384
-61538223,715191971
-61538863,715192461
-61539547,715192863
-61540245,715193153
-61540949,715193332
-61541641,715193398
-61542244,715193367
-61542810,715193242
-61543308,715193060
-61543771,715192854
-61544223,715192653
-61544697,715192477
-61545116,715192331
-61545541,715192177
-61545967,715192013
-61546382,715191847
-61546828,715191677
-61547249,715191510
-61547689,715191335
-61548131,715191164
-61548574,715190983
-61548999,715190762
-61549412,715190506
-61549797,715190185
-61550102,715189785
-61550330,715189327
-61550506,715188859
-61550657,715188396
-61550815,715187963
-61550994,715187553
-61551179,715187158
-61551361,715186760
-61551540,715186356
-61551725,715185932
-61551895,715185530
-61552072,715185108
-61552251,715184690
-61552434,715184274
-61552636,715183878
-61552887,715183504
-61553216,715183178
-61553625,715182908
-61554109,715182681
-61554578,715182486
-61555038,715182296
-61555522,715182100
-61555984,715181912
-61556430,715181735
-61556858,715181571
-61557308,715181401
-61557753,715181235
-61558202,715181070
-61558651,715180891
-61559093,715180696
-61559543,715180481
-61559986,715180268
-61560427,715180067
-61560918,715179851
-61561361,715179668
-61561866,715179471
-61562370,715179280
-61562881,715179076
-61563382,715178860
-61563888,715178629
-61564392,715178394
-61564901,715178166
-61565453,715177927
-61565979,715177712
-61566523,715177502
-61567065,715177303
-61567611,715177100
-61568146,715176883
-61568678,715176656
-61569201,715176422
-61569699,715176197
-61570173,715175991
-61570667,715175794
-61571164,715175609
-61571658,715175421
-61572138,715175225
-61572610,715175021
-61573053,715174827
-61573520,715174627
-61573987,715174425
-61574456,715174218
-61574936,715174010
-61575442,715173828
-61576002,715173703
-61576636,715173669
-61577268,715173759
-61577980,715173991
-61579307,715174802
-61579935,715175382
-61580523,715176058
-61581077,715176867
-61581533,715177727
-61581932,715178709
-61582232,715179754
-61582440,715180908
-61582550,715182141
-61582612,715183304
-61582937,715185724
-61583293,715186918
-61583773,715188050
-61584302,715189004
-61584900,715189875
-61585525,715190678
-61586150,715191455
-61586763,715192274
-61587313,715193123
-61587819,715194021
-61588290,715194922
-61588781,715195876
-61589281,715196814
-61589754,715197790
-61590164,715198834
-61590465,715199974
-61590628,715201095
-61590659,715202305
-61590572,715203453
-61590373,715204651
-61590078,715205829
-61589755,715207011
-61589479,715208217
-61589313,715209429
-61589273,715210638
-61589323,715211812
-61589422,715212970
-61589516,715214202
-61589550,715215270
-61589535,715216420
-61589489,715217562
-61589434,715218755
-61589399,715219876
-61589390,715221049
-61589401,715222212
-61589418,715223365
-61589429,715224537
-61589424,715225633
-61589409,715226759
-61589397,715227900
-61589394,715229044
-61589402,715230196
-61589413,715231275
-61589424,715232392
-61589431,715233541
-61589430,715234598
-61589426,715235688
-61589424,715236766
-61589425,715237878
-61589430,715238910
-61589435,715239982
-61589434,715241058
-61589429,715242137
-61589419,715243255
-61589395,715244506
-61589329,715245548
-61589183,715246740
-61588968,715247917
-61588727,715249099
-61588508,715250289
-61588334,715251482
-61588207,715252668
-61588111,715253832
-61588015,715254978
-61587909,715256139
-61587797,715257216
-61587669,715258346
-61587527,715259488
-61587386,715260622
-61587244,715261764
-61587102,715262916
-61586964,715264083
-61586833,715265251
-61586710,715266428
-61586581,715267606
-61586446,715268770
-61586303,715269921
-61586154,715271065
-61586006,715272209
-61585869,715273361
-61585744,715274521
-61585625,715275677
-61585503,715276814
-61585367,715277959
-61585224,715279092
-61585075,715280231
-61584929,715281375
-61584783,715282595
-61584666,715283648
-61584537,715284777
-61584401,715285899
-61584257,715287055
-61584124,715288135
-61583992,715289256
-61583861,715290381
-61583723,715291594
-61583609,715292641
-61583485,715293806
-61583368,715294897
-61583246,715296013
-61583128,715297134
-61583019,715298264
-61582909,715299388
-61582775,715300511
-61582620,715301653
-61582458,715302796
-61582295,715303942
-61582140,715305094
-61581996,715306257
-61581870,715307421
-61581753,715308583
-61581644,715309742
-61581535,715310882
-61581417,715312008
-61581284,715313135
-61581142,715314273
-61581004,715315413
-61580876,715316544
-61580750,715317674
-61580613,715318810
-61580464,715320014
-61580328,715321069
-61580174,715322202
-61580025,715323336
-61579879,715324477
-61579735,715325626
-61579609,715326778
-61579492,715327927
-61579384,715329079
-61579279,715330230
-61579164,715331395
-61579030,715332570
-61578871,715333770
-61578705,715334970
-61578541,715336177
-61578397,715337386
-61578255,715338705
-61578149,715339760
-61578029,715340958
-61577903,715342148
-61577772,715343316
-61577629,715344498
-61577474,715345686
-61577314,715346884
-61577154,715348092
-61577002,715349323
-61576858,715350543
-61576722,715351756
-61576596,715352969
-61576466,715354185
-61576331,715355404
-61576183,715356629
-61576033,715357852
-61575879,715359130
-61575740,715360316
-61575599,715361538
-61575464,715362745
-61575320,715364028
-61575195,715365138
-61575052,715366305
-61574908,715367469
-61574768,715368677
-61574645,715369821
-61574521,715371012
-61574383,715372217
-61574235,715373417
-61574089,715374602
-61573942,715375782
-61573787,715376957
-61573633,715378129
-61573499,715379302
-61573379,715380493
-61573254,715381720
-61573127,715382954
-61572990,715384192
-61572840,715385425
-61572684,715386665
-61572535,715387906
-61572393,715389154
-61572260,715390393
-61572119,715391683
-61571967,715392988
-61571807,715394329
-61571644,715395710
-61571493,715397001
-61571347,715398330
-61571198,715399710
-61571055,715401000
-61570903,715402334
-61570746,715403670
-61570584,715405010
-61570421,715406308
-61570259,715407596
-61570110,715408794
-61569957,715410032
-61569822,715411182
-61569689,715412374
-61569570,715413482
-61569456,715414624
-61569386,715415757
-61569373,715416883
-61569464,715418133
-61569627,715419112
-61569900,715420173
-61570281,715421237
-61570742,715422224
-61571268,715423111
-61571957,715424036
-61572558,715424680
-61573255,715425278
-61573989,715425762
-61574732,715426112
-61575448,715426324
-61576146,715426449
-61576851,715426589
-61577580,715426842
-61578326,715427283
-61578994,715427860
-61579626,715428484
-61580273,715429093
-61580971,715429605
-61581711,715429982
-61582431,715430216
-61583081,715430324
-61583694,715430328
-61584226,715430236
-61584703,715430057
-61585071,715429829
-61585369,715429528
-61585575,715429199
-61585711,715428815
-61585783,715428414
-61585822,715427999
-61585854,715427626
-61585914,715427258
-61585995,715426916
-61586090,715426587
-61586190,715426256
-61586303,715425926
-61586446,715425605
-61586646,715425314
-61586907,715425058
-61587190,715424848
-61587514,715424647
-61587866,715424448
-61588226,715424235
-61588582,715424000
-61588923,715423746
-61589248,715423485
-61589566,715423233
-61589897,715422987
-61590257,715422743
-61590589,715422538
-61590963,715422316
-61591366,715422068
-61591738,715421822
-61592134,715421552
-61592522,715421289
-61592935,715421019
-61593328,715420771
-61593758,715420514
-61594134,715420240
-61594481,715419887
-61594718,715419487
-61594815,715419051
-61594772,715418564
-61594660,715418121
-61594562,715417658
-61594565,715417220
-61594669,715416782
-61594830,715416324
-61594980,715415884
-61595112,715415408
-61595214,715414917
-61595281,715414450
-61595327,715413989
-61595367,715413545
-61595425,715413116
-61595515,715412690
-61595633,715412242
-61595747,715411816
-61595855,715411363
-61595940,715410890
-61596006,715410413
-61596066,715409925
-61596133,715409481
-61596216,715409035
-61596315,715408584
-61596420,715408121
-61596516,715407645
-61596607,715407153
-61596705,715406651
-61596804,715406162
-61596890,715405686
-61596975,715405229
-61597066,715404756
-61597146,715404309
-61597224,715403846
-61597297,715403390
-61597372,715402930
-61597454,715402488
-61597547,715402056
-61597644,715401626
-61597744,715401182
-61597839,715400696
-61597911,715400257
-61597983,715399767
-61598047,715399328
-61598122,715398862
-61598202,715398459
-61598292,715398068
-61598473,715397287
-61598630,715396496
-61598697,715396076
-61598755,715395659
-61598816,715395252
-61598880,715394853
-61598958,715394460
-61599046,715394065
-61599141,715393663
-61599235,715393259
-61599317,715392851
-61599383,715392448
-61599437,715392050
-61599487,715391652
-61599542,715391257
-61599609,715390862
-61599695,715390466
-61599798,715390062
-61599921,715389664
-61600050,715389272
-61600167,715388876
-61600263,715388474
-61600337,715388061
-61600389,715387655
-61600421,715387254
-61600445,715386911
-61600467,715386582
-61600498,715386276
-61600542,715385981
-61600608,715385682
-61600682,715385415
-61600684,715385294
-61600696,715385222
-61600732,715385177
-61600754,715385142
-61600772,715385122
-61600786,715385118
-61600802,715385099
-61600810,715385112
-61600803,715385122
-61600795,715385130
-61600814,715385125
-61600828,715385128
-61600828,715385156
-61600828,715385186
-61600816,715385206
-61600793,715385222
-61600774,715385238
-61600770,715385257
-61600764,715385260
-61600740,715385248
-61600712,715385264
-61600698,715385299
-61600686,715385306
-61600681,715385316
-61600690,715385325
-61600704,715385318
-61600691,715385315
-61600681,715385331
-61600670,715385353
-61600646,715385394
-61600646,715385426
-61600663,715385425
-61600685,715385419
-61600686,715385445
-61600665,715385483
-61600656,715385488
-61600644,715385501
-61600629,715385510
-61600623,715385530
-61600622,715385531
-61600628,715385537
-61600639,715385555
-61600625,715385570
-61600619,715385605
-61600618,715385632
-61600611,715385638
-61600616,715385646
-61600608,715385660
-61600608,715385668
-61600603,715385671
-61600581,715385689
-61600568,715385705
-61600568,715385710
-61600567,715385725
-61600560,715385750
-61600540,715385773
-61600517,715385793
-61600499,715385808
-61600490,715385806
-61600488,715385805
-61600505,715385805
-61600508,715385816
-61600502,715385851
-61600489,715385871
-61600475,715385877
-61600450,715385902
-61600429,715385925
-61600414,715385949
-61600409,715385963
-61600408,715385966
-61600414,715385967
-61600400,715385982
-61600376,715386015
-61600366,715386029
-61600349,715386040
-61600337,715386059
-61600327,715386052
-61600325,715386068
-61600321,715386097
-61600318,715386115
-61600319,715386138
-61600326,715386160
-61600319,715386173
-61600298,715386168
-61600293,715386151
-61600284,715386158
-61600273,715386173
-61600260,715386192
-61600247,715386205
-61600244,715386214
-61600244,715386223
-61600244,715386231
-61600246,715386241
-61600237,715386241
-61600225,715386263
-61600200,715386287
-61600192,715386297
-61600192,715386298
-61600184,715386320
-61600180,715386342
-61600174,715386356
-61600154,715386372
-61600141,715386371
-61600145,715386378
-61600144,715386388
-61600133,715386389
-61600123,715386402
-61600107,715386419
-61600121,715386446
-61600120,715386453
-61600120,715386481
-61600118,715386473
-61600119,715386469
-61600117,715386486
-61600093,715386496
-61600067,715386520
-61600047,715386538
-61600037,715386559
-61600033,715386562
-61600045,715386561
-61600061,715386568
-61600071,715386604
-61600072,715386619
-61600073,715386626
-61600071,715386630
-61600055,715386630
-61600026,715386633
-61599999,715386646
-61599992,715386649
-61599996,715386650
-61600006,715386666
-61600012,715386695
-61600018,715386720
-61600024,715386715
-61600024,715386726
-61600020,715386737
-61600013,715386739
-61599997,715386749
-61599976,715386766
-61599964,715386768
-61599972,715386778
-61599986,715386782
-61599994,715386792
-61599991,715386797
-61599984,715386817
-61599972,715386849
-61599952,715386858
-61599936,715386864
-61599939,715386841
-61599947,715386846
-61599945,715386861
-61599941,715386905
-61599949,715386930
-61599963,715386924
-61599968,715386917
-61599958,715386935
-61599935,715386969
-61599927,715386980
-61599932,715386995
-61599933,715387002
-61599939,715387027
-61599949,715387027
-61599950,715387024
-61599949,715387037
-61599953,715387036
-61599945,715387024
-61599939,715387036
-61599946,715387060
-61599947,715387077
-61599942,715387082
-61599937,715387088
-61599948,715387071
-61599970,715387057
-61599969,715387073
-61599970,715387076
-61599980,715387076
-61599980,715387078
-61599982,715387073
-61599981,715387091
-61599970,715387087
-61599975,715387075
-61599974,715387073
-61599954,715387075
-61599957,715387086
-61599968,715387105
-61599990,715387128
-61599999,715387145
-61600010,715387172
-61600022,715387199
-61600032,715387197
-61600052,715387188
-61600059,715387202
-61600076,715387215
-61600091,715387227
-61600108,715387228
-61600128,715387235
-61600134,715387245
-61600140,715387256
-61600140,715387271
-61600132,715387277
-61600123,715387289
-61600120,715387339
-61600123,715387391
-61600122,715387436
-61600105,715387465
-61600098,715387481
-61600110,715387493
-61600124,715387502
-61600151,715387526
-61600167,715387533
-61600174,715387546
-61600175,715387561
-61600167,715387574
-61600158,715387579
-61600153,715387586
-61600154,715387600
-61600159,715387612
-61600162,715387618
-61600163,715387627
-61600162,715387652
-61600158,715387682
-61600150,715387703
-61600143,715387717
-61600142,715387722
-61600147,715387729
-61600154,715387750
-61600157,715387781
-61600152,715387812
-61600142,715387838
-61600136,715387856
-61600136,715387871
-61600141,715387894
-61600148,715387927
-61600157,715387955
-61600172,715387970
-61600193,715387983
-61600216,715388010
-61600239,715388055
-61600259,715388104
-61600281,715388150
-61600304,715388200
-61600328,715388257
-61600359,715388314
-61600390,715388364
-61600423,715388410
-61600452,715388456
-61600469,715388509
-61600477,715388569
-61600481,715388639
-61600475,715388713
-61600470,715388791
-61600466,715388872
-61600465,715388952
-61600459,715389038
-61600442,715389137
-61600412,715389232
-61600374,715389333
-61600332,715389434
-61600281,715389530
-61600222,715389625
-61600151,715389724
-61600055,715389827
-61599973,715389920
-61599876,715390015
-61599774,715390100
-61599678,715390184
-61599578,715390267
-61599464,715390348
-61599352,715390419
-61599226,715390499
-61599098,715390576
-61598969,715390652
-61598846,715390729
-61598729,715390808
-61598613,715390889
-61598491,715390969
-61598359,715391044
-61598220,715391110
-61598070,715391170
-61597908,715391223
-61597741,715391270
-61597575,715391312
-61597391,715391364
-61597236,715391411
-61597087,715391453
-61596914,715391502
-61596744,715391551
-61596555,715391610
-61596369,715391680
-61596186,715391755
-61596009,715391829
-61595846,715391904
-61595691,715391974
-61595541,715392034
-61595396,715392087
-61595250,715392133
-61595095,715392177
-61594932,715392222
-61594764,715392277
-61594590,715392336
-61594401,715392396
-61594205,715392458
-61594004,715392523
-61593820,715392578
-61593635,715392637
-61593452,715392692
-61593269,715392744
-61593084,715392794
-61592908,715392852
-61592741,715392915
-61592582,715392975
-61592411,715393031
-61592264,715393071
-61592098,715393115
-61591923,715393160
-61591743,715393205
-61591556,715393247
-61591362,715393281
-61591166,715393309
-61590974,715393340
-61590786,715393381
-61590599,715393435
-61590414,715393497
-61590232,715393572
-61590068,715393643
-61589908,715393717
-61589748,715393793
-61589616,715393847
-61589469,715393898
-61589316,715393943
-61589147,715393984
-61588985,715394021
-61588810,715394059
-61588617,715394101
-61588433,715394136
-61588234,715394178
-61588037,715394218
-61587843,715394248
-61587657,715394268
-61587470,715394282
-61587282,715394289
-61587090,715394292
-61586889,715394303
-61586687,715394331
-61586479,715394365
-61586289,715394383
-61586092,715394387
-61585893,715394394
-61585694,715394415
-61585497,715394445
-61585315,715394479
-61585151,715394511
-61584992,715394540
-61584850,715394553
-61584694,715394563
-61584526,715394578
-61584344,715394593
-61584152,715394613
-61583960,715394630
-61583760,715394644
-61583552,715394670
-61583328,715394708
-61583120,715394744
-61582907,715394776
-61582705,715394800
-61582504,715394814
-61582310,715394816
-61582123,715394819
-61581938,715394814
-61581753,715394799
-61581560,715394789
-61581358,715394787
-61581153,715394787
-61580947,715394794
-61580740,715394814
-61580540,715394852
-61580344,715394900
-61580148,715394955
-61579952,715395001
-61579744,715395040
-61579573,715395070
-61579391,715395105
-61579210,715395136
-61579024,715395160
-61578839,715395180
-61578652,715395192
-61578466,715395195
-61578277,715395201
-61578090,715395213
-61577893,715395227
-61577715,715395242
-61577529,715395251
-61577360,715395259
-61577185,715395273
-61577017,715395286
-61576847,715395294
-61576667,715395293
-61576490,715395284
-61576311,715395271
-61576109,715395263
-61575899,715395259
-61575687,715395255
-61575480,715395250
-61575276,715395236
-61575073,715395206
-61574872,715395166
-61574666,715395120
-61574451,715395082
-61574232,715395048
-61574011,715395016
-61573799,715394986
-61573591,715394949
-61573404,715394914
-61573209,715394884
-61573021,715394857
-61572837,715394829
-61572656,715394799
-61572476,715394768
-61572297,715394739
-61572122,715394706
-61571951,715394670
-61571779,715394633
-61571605,715394590
-61571424,715394546
-61571234,715394503
-61571029,715394458
-61570849,715394414
-61570673,715394366
-61570508,715394320
-61570355,715394268
-61570216,715394204
-61570077,715394134
-61569925,715394071
-61569766,715394026
-61569615,715393985
-61569477,715393937
-61569344,715393879
-61569214,715393804
-61569087,715393718
-61568953,715393633
-61568827,715393550
-61568698,715393465
-61568576,715393382
-61568469,715393297
-61568374,715393209
-61568292,715393113
-61568216,715393011
-61568135,715392910
-61568056,715392810
-61567987,715392712
-61567928,715392617
-61567878,715392522
-61567839,715392423
-61567810,715392320
-61567789,715392222
-61567766,715392126
-61567738,715392028
-61567709,715391928
-61567685,715391828
-61567661,715391737
-61567638,715391645
-61567634,715391553
-61567658,715391457
-61567686,715391368
-61567714,715391274
-61567737,715391194
-61567759,715391110
-61567789,715391029
-61567815,715390966
-61567846,715390901
-61567885,715390847
-61567927,715390790
-61567971,715390731
-61568018,715390685
-61568067,715390647
-61568111,715390603
-61568152,715390554
-61568227,715390464
-61568265,715390434
-61568305,715390404
-61568350,715390369
-61568396,715390338
-61568429,715390305
-61568454,715390262
-61568487,715390229
-61568528,715390213
-61568577,715390169
-61568625,715390108
-61568689,715390062
-61568720,715390028
-61568754,715389990
-61568790,715389947
-61568819,715389901
-61568843,715389853
-61568875,715389829
-61568915,715389825
-61568959,715389818
-61569003,715389813
-61569056,715389790
-61569114,715389764
-61569163,715389711
-61569189,715389681
-61569217,715389654
-61569247,715389611
-61569274,715389571
-61569309,715389541
-61569346,715389511
-61569386,715389500
-61569419,715389509
-61569460,715389501
-61569497,715389481
-61569542,715389468
-61569584,715389454
-61569619,715389439
-61569652,715389434
-61569687,715389421
-61569709,715389415
-61569733,715389407
-61569759,715389391
-61569786,715389384
-61569796,715389358
-61569814,715389329
-61569845,715389313
-61569876,715389308
-61569893,715389306
-61569909,715389312
-61569941,715389313
-61569956,715389293
-61569973,715389278
-61569978,715389266
-61569979,715389255
-61569989,715389243
-61570000,715389235
-61570010,715389223
-61570025,715389231
-61570052,715389252
-61570093,715389279
-61570124,715389312
-61570148,715389333
-61570174,715389338
-61570219,715389329
-61570271,715389313
-61570316,715389290
-61570345,715389281
-61570348,715389257
-61570342,715389237
-61570333,715389229
-61570329,715389234
-61570326,715389235
-61570326,715389234
-61570327,715389232
-61570327,715389233
-61570329,715389247
-61570334,715389264
-61570338,715389276
-61570340,715389292
-61570348,715389304
-61570354,715389315
-61570358,715389326
-61570358,715389334
-61570354,715389342
-61570347,715389350
-61570340,715389353
-61570331,715389354
-61570326,715389355
-61570321,715389353
-61570322,715389355
-61570323,715389358
-61570322,715389358
-61570321,715389346
-61570319,715389332
-61570317,715389329
-61570322,715389346
-61570326,715389343
-61570324,715389339
-61570320,715389335
-61570319,715389337
-61570320,715389337
-61570325,715389336
-61570328,715389335
-61570332,715389334
-61570333,715389333
-61570332,715389331
-61570328,715389328
-61570320,715389326
-61570314,715389323
-61570304,715389320
-61570293,715389318
-61570284,715389319
-61570279,715389319
-61570276,715389325
-61570275,715389329
-61570278,715389334
-61570283,715389337
-61570287,715389338
-61570289,715389338
-61570290,715389342
-61570288,715389340
-61570280,715389339
-61570271,715389339
-61570264,715389340
-61570261,715389339
-61570259,715389337
-61570257,715389334
-61570257,715389334
-61570252,715389329
-61570244,715389321
-61570236,715389323
-61570230,715389326
-61570224,715389330
-61570218,715389330
-61570210,715389330
-61570199,715389330
-61570190,715389330
-61570185,715389327
-61570185,715389324
-61570188,715389321
-61570195,715389318
-61570204,715389313
-61570211,715389307
-61570216,715389301
-61570217,715389294
-61570216,715389288
-61570214,715389281
-61570209,715389273
-61570202,715389267
-61570195,715389260
-61570187,715389255
-61570180,715389253
-61570172,715389254
-61570163,715389257
-61570156,715389259
-61570151,715389261
-61570147,715389259
-61570144,715389255
-61570140,715389250
-61570134,715389246
-61570129,715389243
-61570127,715389240
-61570128,715389238
-61570130,715389237
-61570135,715389238
-61570139,715389240
-61570141,715389239
-61570141,715389237
-61570138,715389232
-61570134,715389225
-61570128,715389218
-61570122,715389212
-61570117,715389207
-61570114,715389203
-61570113,715389202
-61570110,715389203
-61570107,715389204
-61570104,715389205
-61570101,715389205
-61570096,715389203
-61570090,715389200
-61570085,715389196
-61570081,715389193
-61570077,715389191
-61570073,715389191
-61570073,715389193
-61570074,715389197
-61570076,715389199
-61570079,715389197
-61570079,715389195
-61570077,715389191
-61570072,715389186
-61570066,715389180
-61570060,715389175
-61570054,715389170
-61570049,715389166
-61570046,715389162
-61570043,715389160
-61570042,715389157
-61570041,715389154
-61570038,715389152
-61570036,715389150
-61570035,715389147
-61570032,715389145
-61570028,715389144
-61570023,715389143
-61570020,715389141
-61570016,715389141
-61570010,715389140
-61570001,715389138
-61569992,715389136
-61569984,715389133
-61569978,715389129
-61569974,715389126
-61569974,715389123
-61569977,715389121
-61569979,715389118
-61569982,715389114
-61569984,715389110
-61569985,715389105
-61569982,715389099
-61569977,715389094
-61569973,715389091
-61569969,715389089
-61569966,715389088
-61569964,715389088
-61569963,715389088
-61569962,715389087
-61569961,715389084
-61569961,715389080
-61569959,715389075
-61569957,715389068
-61569955,715389062
-61569952,715389056
-61569950,715389053
-61569950,715389051
-61569950,715389050
-61569950,715389051
-61569952,715389051
-61569954,715389052
-61569955,715389052
-61569957,715389050
